{"0,1": [[-12.429964081677044, 10.899759202381022], [-3.4182049499437506, 11.737105743368748]], "0,2": [[-12.429964081677044, 10.899759202381022], [-5.9258405218914225, 10.290137528737871]], "1,2": [[-3.4182049499437506, 11.737105743368748], [-5.9258405218914225, 10.290137528737871]]}