{"0,1": [[-13.285029414124928, 11.625492383987103], [-3.649566405218915, 13.755375827302522]], "0,2": [[-13.285029414124928, 11.625492383987103], [-10.627808188223808, 7.461660377930437]], "1,2": [[-3.649566405218915, 13.755375827302522], [-10.627808188223808, 7.461660377930437]]}