{"0,1": [[-22.06296292446908, 31.8077092030824], [-27.01324969890228, 13.369931463860047]], "0,2": [[-22.06296292446908, 31.8077092030824], [-10.87640791831617, 13.33243117097255]], "1,2": [[-27.01324969890228, 13.369931463860047], [-10.87640791831617, 13.33243117097255]]}